西安市实验小学,610102新城区
西安市新城区励耘小学,610102新城区
西安市新城区坤中巷小学,610102新城区
西安市新城区中兴路小学,610102新城区
西安市新城区励志小学,610102新城区
西安市新城区长缨路小学,610102新城区
西安市新城区张家庄小学,610102新城区
西安市新城区韩森寨小学,610102新城区
西安育英小学,610102新城区
西安市新城区后宰门小学,610102新城区
西安市新城区通济坊小学,610102新城区
西安市新城区西一路小学,610102新城区
西安市新城区吉贤巷小学,610102新城区
西安市新城区太华路小学,610102新城区
西安市新城区二马路小学,610102新城区
西安市新城区向荣巷小学,610102新城区
西安市新城区八府庄小学,610102新城区
西安市新城区联志村小学,610102新城区
西安市新城区明欣小学,610102新城区
西安市新城区明志小学,610102新城区
西安市新城区明远小学,610102新城区
西安市新城区普天小学,610102新城区
西安市新城区东方小学,610102新城区
西安市新城区秦川小学,610102新城区
西安市新城区昆仑小学,610102新城区
西安市新城区西光实验小学,610102新城区
西安市新城区华山实验小学,610102新城区
西安市新城区黄河小学,610102新城区
西安市新城区励行小学,610102新城区
西安市新城区电力小学,610102新城区
西安市新城区建筑小学,610102新城区
西安市新城区咸宁小学,610102新城区
西安新知小学,610102新城区
西安黄河实验小学,610102新城区
西安建大华清小学,610102新城区
西安交大附小金辉分校,610103碑林区
西安市碑林区东羊市小学,610103碑林区
西安市碑林区文艺路小学,610103碑林区
西安市碑林区乐居厂小学,610103碑林区
西安建筑科技大学附属小学,610103碑林区
西安市碑林区南门小学,610103碑林区
西安理工大附属小学,610103碑林区
西安市碑林区永宁小学,610103碑林区
西安市碑林区钟楼小学,610103碑林区
西安市碑林区仁厚庄小学,610103碑林区
西安市碑林区建国路小学,610103碑林区
西安市碑林区大学南路小学,610103碑林区
西安市碑林区振兴路小学,610103碑林区
西安市碑林区东关小学,610103碑林区
西安市碑林区沙坡小学,610103碑林区
西安市碑林区友谊小学,610103碑林区
西安市碑林区开通巷小学,610103碑林区
西安市碑林区东关南街小学,610103碑林区
西安市碑林区东厅门小学,610103碑林区
西安市碑林区太白路小学,610103碑林区
西安交大阳光小学,610103碑林区
西安市碑林区景龙池小学,610103碑林区
西安市碑林区雁塔路小学,610103碑林区
西安市碑林区永新小学,610103碑林区
西安市碑林区五味什字小学,610103碑林区
西安市碑林区友谊西路小学,610103碑林区
西安交通大学附属小学,610103碑林区
西安市碑林区兴庆小学,610103碑林区
西安市碑林区何家村小学,610103碑林区
西安市碑林区朱雀大街小学,610103碑林区
西北大学附属小学,610103碑林区
西安市碑林区太乙路小学,610103碑林区
西安市碑林区金花南路小学,610103碑林区
西安市碑林区安东街小学,610103碑林区
西安市西工大锦园实验小学,610103碑林区
西安工业大学附属小学,610103碑林区
西安市碑林区铁五小学,610103碑林区
西工大附小融侨分校,610103碑林区
陕西省西安师范附属小学,610103碑林区
西安市碑林区小雁塔小学,610103碑林区
西北工业大学附属小学,610103碑林区
西安市体育艺术小学校,610103碑林区
西安市碑林区铁五第二小学,610103碑林区
西安市莲湖区青年路小学,610104莲湖区
陕西省西安小学,610104莲湖区
西安市莲湖区八一街小学,610104莲湖区
西安市莲湖区莲湖路小学,610104莲湖区
西安市莲湖区洒金桥小学,610104莲湖区
西安市莲湖区前卫路小学,610104莲湖区
西安外国语学校附属小学,610104莲湖区
西安市莲湖区第二实验小学,610104莲湖区
西安市莲湖区报恩寺街小学,610104莲湖区
西安市莲湖区二府街小学,610104莲湖区
西安市莲湖区庙后街小学,610104莲湖区
西安莲湖中华世纪城小学,610104莲湖区
西安市莲湖区鼓楼小学,610104莲湖区
西安市莲湖区贡院门小学,610104莲湖区
西安市莲湖区郝家巷小学,610104莲湖区
西安市莲湖区龙首村小学,610104莲湖区
陕西师范大学实验小学,610104莲湖区
西安市莲湖区工农路小学,610104莲湖区
西安市莲湖区希望小学,610104莲湖区
西安市莲湖区西铁小学,610104莲湖区
西安外国语学校第二小学部,610104莲湖区
西安市莲湖区大兴实验小学,610104莲湖区
西安市莲湖区星火路小学,610104莲湖区
陕西师范大学大兴新区小学,610104莲湖区
西安市莲湖区劳动路小学,610104莲湖区
西安市莲湖区环城西路小学,610104莲湖区
西安市莲湖区大庆路小学,610104莲湖区
西安市莲湖区西桃园小学,610104莲湖区
西安市莲湖区南小巷小学,610104莲湖区
西安市莲湖区西关第一小学,610104莲湖区
西安市莲湖区丰庆路小学,610104莲湖区
西安市莲湖区草阳小学,610104莲湖区
西安市莲湖区远东第一小学,610104莲湖区
西安市莲湖区北尧头小学,610104莲湖区
西安市莲湖区土门小学,610104莲湖区
西安市莲湖区丰镐西路小学,610104莲湖区
西安市莲湖区庆安小学,610104莲湖区
西安市莲湖区金光门小学,610104莲湖区
西安市莲湖区西电实验小学,610104莲湖区
西安市莲湖区行知小学,610104莲湖区
西安市莲湖区邓家村小学,610104莲湖区
西安市莲湖区沣惠路小学,610104莲湖区
西安市莲湖区机场小学,610104莲湖区
西安市莲湖区二府庄小学,610104莲湖区
西安市莲湖区红光路小学,610104莲湖区
西安市莲湖区远东第二小学,610104莲湖区
西安市莲湖区枣园小学,610104莲湖区
西安市灞桥区热电小学,610111灞桥区
灞桥区陕西师范大学御锦城小学,610111灞桥区
灞桥区西北工业大学附属小学龙湖分校,610111灞桥区
西安市灞桥区五环小学,610111灞桥区
西安市灞桥区纺织城小学,610111灞桥区
西安市灞桥区东枣园小学,610111灞桥区
西安市灞桥区东城第一小学,610111灞桥区
西安市灞桥区东城第二小学,610111灞桥区
西安市华清园实验小学,610111灞桥区
西安市灞桥区十里铺小学,610111灞桥区
西安市灞桥区长乐坡中心小学,610111灞桥区
西安市灞桥区张黄坡小学,610111灞桥区
西安市灞桥区李家堡小学,610111灞桥区
西安市灞桥区斡耳朵小学,610111灞桥区
西安市灞桥区新市民小学,610111灞桥区
西安市灞桥区延河小学,610111灞桥区
西安市灞桥区电力小学,610111灞桥区
西安市灞桥区三殿中心小学,610111灞桥区
西安市灞桥区常家湾小学,610111灞桥区
西安市灞桥区高桥小学,610111灞桥区
西安市灞桥区神鹿坊小学,610111灞桥区
西安市灞桥区湾子小学,610111灞桥区
西安市灞桥区穆将王小学,610111灞桥区
西安市灞桥区五星小学,610111灞桥区
西安市灞桥区实验小学,610111灞桥区
西安市灞桥区席王中心小学,610111灞桥区
西安市灞桥区曹堡小学,610111灞桥区
西安市灞桥区官厅小学,610111灞桥区
西安市灞桥区老洞中心小学,610111灞桥区
西安市灞桥区东李小学,610111灞桥区
中国人民解放军空军工程大学工程学院子女学校,610111灞桥区
西安市灞桥区牛寺小学,610111灞桥区
西安市灞桥区宇航小学,610111灞桥区
西安市灞桥区庆华小学,610111灞桥区
西安市灞桥区惠王中心小学,610111灞桥区
西安市灞桥区三阳院八年制学校,610111灞桥区
西安市灞桥区赵庄小学,610111灞桥区
西安市灞桥区王村小学,610111灞桥区
西安市灞桥区岳家沟小学,610111灞桥区
第二炮兵工程学院附属小学,610111灞桥区
西安市灞桥区白鹿原中心小学,610111灞桥区
西安市灞桥区江尹小学,610111灞桥区
西安市灞桥区四清小学,610111灞桥区
西安市灞桥区狄寨小学,610111灞桥区
西安市灞桥区南枝村小学,610111灞桥区
西安市灞桥区迷村小学,610111灞桥区
西安市灞桥区石佛寺小学,610111灞桥区
西安市灞桥区务庄中心小学,610111灞桥区
西安市灞桥区豁口小学,610111灞桥区
西安市灞桥区灞桥镇小学,610111灞桥区
西安市灞桥区邵平店小学,610111灞桥区
西安市灞桥区桥梓口小学,610111灞桥区
西安市灞桥区新建小学,610111灞桥区
西安市灞桥区古都希望中心小学,610111灞桥区
西北核技术研究所子女学校,610111灞桥区
西安市灞桥区新筑中心小学,610111灞桥区
西安市灞桥区杏园八年制学校,610111灞桥区
西安市灞桥区千村小学,610111灞桥区
西安市灞桥区兰家小学,610111灞桥区
西安市灞桥区新陆小学,610111灞桥区
西安市灞桥区杨庄小学,610111灞桥区
西安市灞桥区半坡小学,610111灞桥区
西安市灞桥区贺韶小学,610111灞桥区
西安市灞桥区新农小学,610111灞桥区
西安市灞桥区三里小学,610111灞桥区
西安市灞桥区南陈小学,610111灞桥区
西安市灞桥区水流中心小学,610111灞桥区
西安市灞桥区柳树余小学,610111灞桥区
西安市灞桥区太白庙小学,610111灞桥区
西安市灞桥区刘郑小学,610111灞桥区
西安市灞桥区党家中心小学,610111灞桥区
西安市灞桥区漕渠小学,610111灞桥区
西安市灞桥区詹家小学,610111灞桥区
西安市灞桥区崇福寺小学,610111灞桥区
西安市灞桥区李家小学,610111灞桥区
未央区经新小学,610112未央区
西安市未央区文景小学,610112未央区
未央区华远海蓝城小学,610112未央区
未央区博达小学,610112未央区
西安经开第一小学,610112未央区
西安经开第四小学,610112未央区
西安经开第六小学,610112未央区
西安经开第五小学,610112未央区
西安市凤景小学,610112未央区
西安市未央区白花村小学,610112未央区
西安市未央区赵村小学,610112未央区
西安市未央区红旗小学,610112未央区
西安市未央区西航二校,610112未央区
西安市未央区西航三校,610112未央区
西安市未央区西航四校,610112未央区
西安市未央区大明宫小学,610112未央区
陕西师范大学锦园小学,610112未央区
西安市未央区马旗寨小学,610112未央区
西安市未央区东前进小学,610112未央区
西安市未央区三星小学,610112未央区
西安市未央区上水腰小学,610112未央区
西安市未央区帽珥冢小学,610112未央区
西安市未央区滹沱小学,610112未央区
西安市未央区新房小学,610112未央区
西安市未央区广大门小学,610112未央区
西安市未央区长乐第一小学,610112未央区
西安市未央区和平小学,610112未央区
西安市未央区新光小学,610112未央区
西安市未央区红光小学,610112未央区
西安市未央区高铁寨小学,610112未央区
西安市未央区永丰小学,610112未央区
西安市未央区盐张小学,610112未央区
西安市未央区方新小学,610112未央区
西安市未央区南康村小学,610112未央区
西安市未央区草滩镇中心小学,610112未央区
西安市未央区新兴小学,610112未央区
西安市未央区王家棚小学,610112未央区
西安市未央区夏家堡小学,610112未央区
西安市未央区东兴小学,610112未央区
西安市未央区三官庙小学,610112未央区
西安市未央区建丰小学,610112未央区
西安市未央区杨善寨小学,610112未央区
西安市未央区南党小学,610112未央区
西安市未央区雷寨小学,610112未央区
西安市未央区第一实验小学,610112未央区
西安市未央区大白杨小学,610112未央区
西安市未央区天禄阁小学,610112未央区
西安市未央区叶家寨小学,610112未央区
西安市未央区讲武殿小学,610112未央区
西安市未央区范家村小学,610112未央区
西安市未央区兴丰路小学,610112未央区
西安市未央区马家寨小学,610112未央区
西安市未央区枣园小学,610112未央区
西安市未央区华远君城小学,610112未央区
西安市未央区团结小学,610112未央区
西安市未央区长乐第二小学,610112未央区
西安市未央区六村堡小学,610112未央区
西安市未央区感业寺小学,610112未央区
西安市未央区徐寨小学,610112未央区
西安市未央区朱宏路小天鹅小学,610112未央区
西安市曲江南湖小学,610113雁塔区
西安市雁塔区吉祥路小学,610113雁塔区
长安大学附属小学,610113雁塔区
西安交通大学第二附属小学,610113雁塔区
陕西师范大学绿地浐灞小学,610113雁塔区
西安特立实验小学,610113雁塔区
西安市雁塔区大雁塔小学,610113雁塔区
西安市雁塔区翠华路小学,610113雁塔区
西安市雁塔区红星小学,610113雁塔区
西安市雁塔区西影路小学,610113雁塔区
陕西师范大学附属小学,610113雁塔区
西安市雁塔区明德门小学,610113雁塔区
西安市雁塔区长安南路小学,610113雁塔区
西安市雁塔区大雁塔小学曲江分校,610113雁塔区
西安市雁塔区明德小学,610113雁塔区
西安市雁塔区东三爻小学,610113雁塔区
西安市雁塔区西姜村小学,610113雁塔区
西安市雁塔区航天小学,610113雁塔区
西安特立小学,610113雁塔区
西安同仁小学,610113雁塔区
西安市雁塔区东仪路小学,610113雁塔区
西安交通大学附属小学南校区,610113雁塔区
西安电子科技大学附属小学,610113雁塔区
西安市雁塔区燎原小学,610113雁塔区
西安市雁塔区航天二一〇小学,610113雁塔区
西安市雁塔区电子城小学,610113雁塔区
西安市雁塔区科创路小学,610113雁塔区
西安市雁塔区高家堡小学,610113雁塔区
西安市雁塔区杜城小学,610113雁塔区
西安市雁塔区北沈家桥小学,610113雁塔区
西安兴华小学,610113雁塔区
陕西师范大学金泰假日花城小学,610113雁塔区
西安市雁塔区白杨寨小学,610113雁塔区
西安市雁塔区等驾坡小学,610113雁塔区
西安市雁塔区东等驾坡小学,610113雁塔区
西安市雁塔区延兴门小学,610113雁塔区
西安市雁塔区马腾空小学,610113雁塔区
西安市雁塔区月登阁小学,610113雁塔区
西安市雁塔区田家湾小学,610113雁塔区
西安市雁塔区鱼化小学,610113雁塔区
西安市雁塔区周宋小学,610113雁塔区
西安市雁塔区老烟庄小学,610113雁塔区
西安市雁塔区北石桥小学,610113雁塔区
西安市雁塔区双旗寨小学,610113雁塔区
西安日化子校,610113雁塔区
西安市雁塔区昆明路小学,610113雁塔区
中国人民解放军第三五0七工厂职工子弟小学,610113雁塔区
西安高新第四小学,610113雁塔区
西安市雁塔区双水磨小学,610113雁塔区
西安市雁塔区甘家寨小学,610113雁塔区
西安市雁塔区南窑头小学,610113雁塔区
西安市雁塔区丈八沟小学,610113雁塔区
西安市雁塔区红庙小学,610113雁塔区
西安市雁塔区付村小学,610113雁塔区
西安市雁塔区曹里小学,610113雁塔区
西安市雁塔区辛庄小学,610113雁塔区
西安市雁塔区木塔寨小学,610113雁塔区
西安高新第一小学,610113雁塔区
西安高新第二小学,610113雁塔区
西安高新第三小学,610113雁塔区
西安高新第六小学,610113雁塔区
西安高新第五小学,610113雁塔区
西安市雁塔区翠华路小学曲江分校,610113雁塔区
西安市雁塔区雁翔路小学,610113雁塔区
西安市雁塔区曲江池小学,610113雁塔区
西安市雁塔区新华小学,610113雁塔区
西安市雁塔区三兆小学,610113雁塔区
西安市雁塔区余王扁小学,610113雁塔区
西安市雁塔区春临小学,610113雁塔区
西安市雁塔区金泘沱小学,610113雁塔区
西安市雁塔区裴家埪小学,610113雁塔区
西安市曲江第二小学,610113雁塔区
西安市曲江第一小学,610113雁塔区
阎良区关山镇南樊小学,610114阎良区
阎良区关山镇南房小学,610114阎良区
阎良区凤凰路街道办事处中心小学,610114阎良区
阎良区第二小学,610114阎良区
西安市阎良区西飞四小迎宾校区,610114阎良区
西安市阎良区西飞第一小学,610114阎良区
阎良区第一学校,610114阎良区
阎良区新华路街道办事处中心小学,610114阎良区
西安市阎良区西飞第四小学,610114阎良区
西安市阎良区西飞第二小学,610114阎良区
西安航空基地第一小学,610114阎良区
阎良区振兴街道办事处中心小学,610114阎良区
阎良区振兴街道办事处聚宝小学,610114阎良区
阎良区新兴街道办事处中心小学,610114阎良区
阎良区北屯街道办事处中心小学,610114阎良区
阎良区北屯街道办事处腰张小学,610114阎良区
阎良区武屯镇御宝小学,610114阎良区
阎良区武屯镇红丰小学,610114阎良区
阎良区武屯镇中心小学,610114阎良区
阎良区武屯镇三义小学,610114阎良区
西安市阎良区关山永丰小学,610114阎良区
阎良区关山镇中心小学,610114阎良区
阎良区关山镇康桥小学,610114阎良区
阎良区关山镇粟邑小学,610114阎良区
西安市临潼区交口街道办事处交口小学,610115临潼区
西安市临潼区实验小学,610115临潼区
西安市临潼区斜口新家园小学,610115临潼区
西安市临潼区零口鸿州小学,610115临潼区
西安市临潼区仁宗中心小学,610115临潼区
西安市临潼区雨金街道办事处东关小学,610115临潼区
西安市临潼区雨金街道办事处胡门小学,610115临潼区
西安市临潼区雨金街道办事处照渠小学,610115临潼区
西安市临潼区雨金街道办事处北湃小学,610115临潼区
西安市临潼区雨金街道办事处雨金小学,610115临潼区
西安市临潼区马额街道办事处马额小学,610115临潼区
西安市临潼区行者街道办事处行者小学,610115临潼区
西安市临潼区斜口街道办事处斜口小学,610115临潼区
西安市临潼区油槐街道办事处油街小学,610115临潼区
西安市临潼区油槐街道办事处槐李小学,610115临潼区
西安市临潼区行者街道办事处白庙小学,610115临潼区
西安市临潼区油槐街道办事处南杨小学,610115临潼区
西安市临潼区行者街道办事处小寨小学,610115临潼区
西安市临潼区行者街道办事处北庄小学,610115临潼区
西安市临潼区马额街道办事处宁家小学,610115临潼区
西安市临潼区华清小学,610115临潼区
陕西省三维发展实验学校,610115临潼区
西安市临潼区新丰街道办事处新丰小学,610115临潼区
西安市临潼区新丰街道办事处皂安小学,610115临潼区
西安市临潼区何寨街道办事处何寨小学,610115临潼区
西安市临潼区何寨街道办事处马寨小学,610115临潼区
西安市临潼区马额街道办事处塚王小学,610115临潼区
西安市临潼区马额街道办事处英里小学,610115临潼区
西安市临潼区马额街道办事处马家小学,610115临潼区
西安市临潼区何寨街道办事处圣力寺小学,610115临潼区
西安市临潼区何寨街道办事处季家小学,610115临潼区
西安市临潼区何寨街道办事处樊曹小学,610115临潼区
西安市临潼区何寨街道办事处宋家小学,610115临潼区
西安市临潼区何寨街道办事处孙家小学,610115临潼区
西安市临潼区何寨街道办事处皂张小学,610115临潼区
西安市临潼区交口街道办事处权中小学,610115临潼区
西安市临潼区交口街道办事处安屯小学,610115临潼区
西安市临潼区交口街道办事处孙赵小学,610115临潼区
西安市临潼区交口街道办事处新民小学,610115临潼区
西安市临潼区交口街道办事处念杨小学,610115临潼区
西安市临潼区栎阳街道办事处栎阳小学,610115临潼区
西安市临潼区栎阳街道办事处胡张小学,610115临潼区
西安市临潼区栎阳街道办事处朝邑小学,610115临潼区
西安市临潼区栎阳街道办事处义和小学,610115临潼区
西安市临潼区栎阳街道办事处瓦郑小学,610115临潼区
西安市临潼区栎阳街道办事处南寨小学,610115临潼区
西安市临潼区任留街道办事处任留小学,610115临潼区
西安市临潼区任留街道办事处南屯小学,610115临潼区
西安市临潼区任留街道办事处韦家小学,610115临潼区
西安市临潼区零口街道办事处零口小学,610115临潼区
西安市临潼区零口街道办事处孟塬小学,610115临潼区
西安市临潼区零口街道办事处西洼小学,610115临潼区
西安市临潼区零口街道办事处苏东第八小学,610115临潼区
西安市临潼区任留街道办事处三王小学,610115临潼区
西安市临潼区零口街道办事处南韦小学,610115临潼区
西安市临潼区零口街道办事处冯李小学,610115临潼区
西安市临潼区零口街道办事处童家小学,610115临潼区
西安市临潼区零口街道办事处中牛小学,610115临潼区
西安市临潼区相桥街道办事处相桥小学,610115临潼区
西安市临潼区零口街道办事处董庙小学,610115临潼区
西安市临潼区相桥街道办事处新李小学,610115临潼区
西安市临潼区相桥街道办事处田市小学,610115临潼区
西安市临潼区相桥街道办事处张八小学,610115临潼区
西安市临潼区相桥街道办事处八里小学,610115临潼区
西安市临潼区徐杨街道办事处徐杨小学,610115临潼区
西安市临潼区临潼小学,610115临潼区
西安市临潼区秦陵街道办事处砖房小学,610115临潼区
西安市临潼区秦陵街道办事处秦陵小学,610115临潼区
西安市临潼区秦陵街道办事处上陈小学,610115临潼区
西安市临潼区秦陵街道办事处杨家小学,610115临潼区
西安市临潼区秦陵街道办事处下和小学,610115临潼区
西安市临潼区秦陵街道办事处毛家小学,610115临潼区
西安市临潼区秦陵街道办事处鱼池小学,610115临潼区
西安市临潼区徐杨街道办事处新华小学,610115临潼区
西安市临潼区徐杨街道办事处尚寨小学,610115临潼区
西安市临潼区徐杨街道办事处公义小学,610115临潼区
西安市临潼区徐杨街道办事处屯刘小学,610115临潼区
西安市临潼区骊山街道办事处骊山小学,610115临潼区
西安市临潼区骊山街道办事处火车站小学,610115临潼区
西安市临潼区骊山街道办事处康复路小学,610115临潼区
西安市临潼区骊山街道办事处胡王小学,610115临潼区
西安市临潼区西泉街道办事处西泉小学,610115临潼区
西安市临潼区西泉街道办事处东赵小学,610115临潼区
西安市临潼区西泉街道办事处贾村小学,610115临潼区
西安市临潼区西泉街道办事处麦王小学,610115临潼区
西安市临潼区西泉街道办事处宣孔小学,610115临潼区
西安市临潼区西泉街道办事处椿树小学,610115临潼区
西安市临潼区西泉街道办事处三王小学,610115临潼区
西安市临潼区西泉街道办事处魏庄小学,610115临潼区
西安市临潼区西泉街道办事处坡底小学,610115临潼区
西安市临潼区陕鼓小学,610115临潼区
西安市临潼区新市双语学校,610115临潼区
西安市临潼区小金中心小学,610115临潼区
西安市临潼区北田街道办事处北田小学,610115临潼区
西安市临潼区北田街道办事处尖角小学,610115临潼区
西安市临潼区北田街道办事处滩王小学,610115临潼区
西安市临潼区北田街道办事处温梁小学,610115临潼区
西安市临潼区铁炉街道办事处铁炉小学,610115临潼区
西安市临潼区铁炉街道办事处柏李小学,610115临潼区
西安市临潼区铁炉街道办事处柳家小学,610115临潼区
西安市临潼区新市街道办事处新市小学,610115临潼区
西安市临潼区新市街道办事处郝邢小学,610115临潼区
西安市临潼区斜口街道办事处代张杨小学,610115临潼区
西安市临潼区斜口街道办事处柳树小学,610115临潼区
西安市临潼区斜口街道办事处付家小学,610115临潼区
西安市临潼区斜口街道办事处窑村小学,610115临潼区
西安市临潼区斜口街道办事处岳家沟小学,610115临潼区
西安市临潼区斜口街道办事处韩峪小学,610115临潼区
西安市临潼区代王街道办事处代王小学,610115临潼区
西安市临潼区代王街道办事处李河小学,610115临潼区
西安市临潼区代王街道办事处西柳小学,610115临潼区
西安市临潼区代王街道办事处门家小学,610115临潼区
西安市临潼区代王街道办事处岩王小学,610115临潼区
西安市临潼区代王街道办事处闫庙小学,610115临潼区
西安市临潼区代王街道办事处斜杨小学,610115临潼区
西安市临潼区代王街道办事处安沟小学,610115临潼区
西安市临潼区代王街道办事处纸李小学,610115临潼区
西安市临潼区铁炉街道办事处师家小学,610115临潼区
西安市临潼区代王街道办事处平丰小学,610115临潼区
西安市临潼区代王街道办事处上邢小学,610115临潼区
西安市临潼区穆寨中心小学,610115临潼区
西安市临潼区代王街道办事处加黄小学,610115临潼区
西安市临潼区东岳中心小学,610115临潼区
西安市临潼区铁路小学,610115临潼区
西安市临潼区土桥中心小学,610115临潼区
西安市临潼区雨金街道办事处夏柳小学,610115临潼区
西安市临潼区新市街道办事处走马小学,610115临潼区
西安市临潼区马额街道办事处吴家小学,610115临潼区
西安市临潼区新丰机筑小学,610115临潼区
西安市临潼区机场子校,610115临潼区
长安兴国小学,610116长安区
长安美林小学,610116长安区
西北大学附属小学橡树湾分校,610116长安区
长安启迪小学,610116长安区
西安航天城第一小学,610116长安区
西安市长安区南街小学,610116长安区
陕西省长安师范学校附属小学,610116长安区
长安区富力城黄河国际小学,610116长安区
西安市长安区第一小学,610116长安区
西安市长安区实验小学,610116长安区
西安市长安区韦曲街道中心学校,610116长安区
西安市长安区韦曲街道塔坡小学,610116长安区
西安市长安区韦曲街道崔家庄小学,610116长安区
西安市长安区韦曲街道侯家湾小学,610116长安区
西安市长安区韦曲街道皇子坡小学,610116长安区
西安市长安区韦曲街道夏殿东濬小学,610116长安区
西安市长安区韦曲街道北里王小学,610116长安区
西安市长安区韦曲街道东兆余小学,610116长安区
西安市长安区韦曲街道新和小学,610116长安区
西安市长安区韦曲街道申店小学,610116长安区
西安市长安区韦曲街道水磨小学,610116长安区
西安市长安区韦曲街道何家营小学,610116长安区
西安市长安区韦曲街道双竹小学,610116长安区
西安市长安区郭杜街道中心学校,610116长安区
西安市长安区郭杜街道周家庄小学,610116长安区
西安市长安区郭杜街道香积寺小学,610116长安区
西安市长安区郭杜街道大居安小学,610116长安区
西安市长安区郭杜街道第五桥小学,610116长安区
西安市长安区郭杜街道长里小学,610116长安区
西安市长安区郭杜街道邓店小学,610116长安区
西安市长安区郭杜街道张康小学,610116长安区
西安市长安区郭杜街道杜回小学,610116长安区
西安市长安区郭杜街道赤兰桥小学,610116长安区
西安市长安区郭杜街道羊塬小学,610116长安区
西安市长安区郭杜街道三张逸夫小学,610116长安区
西安市长安区郭杜街道仁村小学,610116长安区
西安市长安区郭杜街道祝村小学,610116长安区
西安市长安区郭杜街道前锋小学,610116长安区
西安市长安区郭杜街道乳庄小学,610116长安区
西安市长安区滦镇街道中心学校,610116长安区
西安市长安区滦镇街道滦村小学,610116长安区
西安市长安区滦镇街道西留小学,610116长安区
西安市长安区滦镇街道乔村小学,610116长安区
西安市长安区滦镇街道内苑小学,610116长安区
西安市长安区滦镇街道王寨小学,610116长安区
西安市长安区滦镇街道北八元小学,610116长安区
西安市长安区滦镇街道鸭池口小学,610116长安区
西安市长安区滦镇街道石村小学,610116长安区
西安市长安区滦镇街道泉子头小学,610116长安区
西安市长安区引镇街道南寨小学,610116长安区
西安市长安区引镇街道天王小学,610116长安区
西安市长安区引镇街道大峪口小学,610116长安区
西安市长安区引镇街道光辉小学,610116长安区
西安市长安区引镇街道龙渠小学,610116长安区
西安市长安区引镇街道北留小学,610116长安区
西安市长安区引镇街道枣园小学,610116长安区
西安市长安区引镇街道中心学校,610116长安区
西安市长安区引镇街道孙车小学,610116长安区
西安市长安区引镇街道白道峪小学,610116长安区
西安市长安区引镇街道屈家斜小学,610116长安区
西安市长安区马王街道大原小学,610116长安区
西安市长安区马王街道中心学校,610116长安区
西安市长安区马王街道新旺小学,610116长安区
西安市长安区马王街道新庄小学,610116长安区
西安造纸网厂子弟小学,610116长安区
西安市长安区太乙宫街道中心学校,610116长安区
西安市长安区太乙宫街道新关小学,610116长安区
西安市长安区东大街道中心学校,610116长安区
西安市长安区东大街道六村小学,610116长安区
西安市长安区东大街道郭村小学,610116长安区
西安市长安区东大街道祥峪口小学,610116长安区
西安市长安区东大街道庆镇小学,610116长安区
西安市长安区东大街道太平河小学,610116长安区
西安市长安区子午街道中心学校,610116长安区
西安市长安区子午街道曹村小学,610116长安区
西安市长安区子午街道张村小学,610116长安区
西安市长安区子午街道东村小学,610116长安区
西安市长安区子午街道南村小学,610116长安区
西安市长安区细柳街道中心学校,610116长安区
西安市长安区细柳街道晨光小学,610116长安区
西安市长安区细柳街道石匣小学,610116长安区
西安市长安区细柳街道义井小学,610116长安区
西安市长安区细柳街道蒲阳小学,610116长安区
西安市长安区细柳街道荆一小学,610116长安区
西安市长安区细柳街道荆二小学,610116长安区
西安市长安区细柳街道等坡小学,610116长安区
西安市长安区杜曲街道中心学校,610116长安区
西安市长安区杜曲街道韦村小学,610116长安区
西安市长安区杜曲街道师家村小学,610116长安区
西安市长安区杜曲街道杨万小学,610116长安区
西安市长安区杜曲街道小江村小学,610116长安区
西安市长安区杜曲街道岳村小学,610116长安区
西安市长安区杜曲街道彰仪村涵英希望小学,610116长安区
西安市长安区杜曲街道西江坡小学,610116长安区
西安市长安区杜曲街道政协南樊希望小学,610116长安区
西安市长安区大兆街道中心学校,610116长安区
西安市长安区大兆街道三益小学,610116长安区
西安市长安区大兆街道庞留小学,610116长安区
西安市长安区大兆街道章曲小学,610116长安区
西安市长安区大兆街道中兆小学,610116长安区
西安市长安区大兆街道三友小学,610116长安区
西安市长安区大兆街道倪家滩小学,610116长安区
西安市长安区黄良街道中心学校,610116长安区
西安市长安区黄良街道湖村小学,610116长安区
西安市长安区黄良街道仁村小学,610116长安区
西安市长安区兴隆社区小学,610116长安区
西安市长安区兴隆街道中心学校,610116长安区
西安市长安区兴隆街道北张小学,610116长安区
西安市长安区兴隆街道沣惠小学,610116长安区
西安市长安区兴隆街道北雷小学,610116长安区
西安市长安区兴隆街道宫字小学,610116长安区
西安市长安区兴隆街道南雷小学,610116长安区
西安市长安区兴隆街道安丰小学,610116长安区
西安市长安区王曲街道中心学校,610116长安区
西安市长安区王曲街道曙光小学,610116长安区
西安市长安区王曲街道马厂小学,610116长安区
西安市长安区王曲街道贾里村小学,610116长安区
西安市长安区王曲街道皇甫小学,610116长安区
西安市长安区王曲街道鱼包头小学,610116长安区
西安市长安区王曲街道新民小学,610116长安区
西安市长安区鸣犊街道中心学校,610116长安区
西安市长安区鸣犊街道留公小学,610116长安区
西安市长安区鸣犊街道师村小学,610116长安区
西安市长安区鸣犊街道嘴头小学,610116长安区
西安市长安区鸣犊街道四坡小学,610116长安区
西安市长安区鸣犊街道黎明小学,610116长安区
西安市长安区鸣犊街道马兴小学,610116长安区
西安市长安区王莽街道中心小学,610116长安区
西安市长安区王莽街道韦兆小学,610116长安区
西安市长安区王莽街道清水头小学,610116长安区
西安市长安区王莽街道汤房庙小学,610116长安区
西安市长安区王莽街道西王莽小学,610116长安区
西安市长安区王莽街道后沟小学,610116长安区
西安市长安区王莽街道三角坡小学,610116长安区
西安市长安区五台街道中心学校,610116长安区
西安市长安区五台街道东五联合小学,610116长安区
西安市长安区五星街道中心学校,610116长安区
西安市长安区五星街道进步小学,610116长安区
西安市长安区五星街道和迪小学,610116长安区
西安市长安区五星街道胡燎小学,610116长安区
西安市长安区灵沼街道中心学校,610116长安区
西安市长安区灵沼街道冯村小学,610116长安区
西安市长安区灵沼街道阿底村小学,610116长安区
西安市长安区灵沼街道小丰村小学,610116长安区
西安市长安区杨庄街道中心学校,610116长安区
西安市长安区杨庄街道石佛庄小学,610116长安区
西安市长安区杨庄街道库峪口小学,610116长安区
西安市长安区砲里街道中心学校,610116长安区
西安市长安区砲里街道东岭小学,610116长安区
西安市长安区砲里街道西垇小学,610116长安区
西安市长安区魏寨街道中心学校,610116长安区
西安市长安区魏寨街道白庙小学,610116长安区
西安市长安区魏寨街道彭村小学,610116长安区
蓝田县北关小学,610122蓝田县
蓝田县蓝关街道办事处中心学校,610122蓝田县
蓝田县蓝关街道办事处大寨小学,610122蓝田县
蓝田县蓝关街道办事处新城小学,610122蓝田县
蓝田县蓝关街道办事处新寨小学,610122蓝田县
蓝田县蓝关街道办事处张寨小学,610122蓝田县
中华永恒慈善希望小学,610122蓝田县
蓝田县蓝关街道办事处冯林寨小学,610122蓝田县
蓝田县蓝关街道办事处徐家山小学,610122蓝田县
蓝田县蓝关街道办事处薛家村小学,610122蓝田县
蓝田县蓝关街道办事处火烧寨小学,610122蓝田县
蓝田县蓝关街道办事处坡底小学,610122蓝田县
温州工贸协会光彩学校,610122蓝田县
蓝田县蓝关街道办事处榆林小学,610122蓝田县
蓝田县蓝关街道办事处陶峪河小学,610122蓝田县
蓝田县蓝关街道办事处雷家湾小学,610122蓝田县
蓝田县教师进修学校附属小学,610122蓝田县
蓝田县洩湖镇冯家村小学,610122蓝田县
蓝田县洩湖镇漫道小学,610122蓝田县
蓝田县洩湖镇沙河小学,610122蓝田县
蓝田县洩湖镇十里铺小学,610122蓝田县
蓝田县洩湖镇宋庙小学,610122蓝田县
蓝田县洩湖镇蟠桃小学,610122蓝田县
蓝田县洩湖镇唐沟小学,610122蓝田县
蓝田县洩湖镇崔坪小学,610122蓝田县
蓝田县洩湖镇杜坪小学,610122蓝田县
蓝田县洩湖镇马王小学,610122蓝田县
蓝田县洩湖镇后李坪小学,610122蓝田县
蓝田县洩湖镇唐凹小学,610122蓝田县
蓝田县洩湖镇铧咀坪小学,610122蓝田县
蓝田县洩湖镇陈家沟小学,610122蓝田县
蓝田县洩湖镇牛家口小学,610122蓝田县
蓝田县洩湖镇黑沟小学,610122蓝田县
蓝田县洩湖镇骞家湾小学,610122蓝田县
蓝田县洩湖镇簸箕掌小学,610122蓝田县
蓝田县洩湖镇李家坪小学,610122蓝田县
蓝田县洩湖镇中心学校,610122蓝田县
蓝田县华胥镇中心学校,610122蓝田县
蓝田县华胥镇孟岩小学,610122蓝田县
蓝田县华胥镇杨庄小学,610122蓝田县
蓝田县华胥镇轩辕小学,610122蓝田县
蓝田县华胥镇吉家湾小学,610122蓝田县
蓝田县华胥镇张村小学,610122蓝田县
蓝田县华胥镇张家斜小学,610122蓝田县
蓝田县华胥镇西元峪小学,610122蓝田县
蓝田县华胥镇东邓小学,610122蓝田县
蓝田县华胥镇王坪小学,610122蓝田县
蓝田县华胥镇羊茂山小学,610122蓝田县
蓝田县华胥镇上雷小学,610122蓝田县
蓝田县华胥镇侯家铺小学,610122蓝田县
蓝田县前卫镇中心学校校本部,610122蓝田县
蓝田县前卫镇大亮完全小学,610122蓝田县
蓝田县前卫镇滕寨完全小学,610122蓝田县
蓝田县前卫镇布村完全小学,610122蓝田县
蓝田县前卫镇巩村完全小学,610122蓝田县
蓝田县前卫镇香村完全小学,610122蓝田县
蓝田县前卫镇安岱完全小学,610122蓝田县
蓝田县前卫镇田湾完全小学,610122蓝田县
蓝田县前卫镇王庄完全小学,610122蓝田县
蓝田县前卫镇徐塬完全小学,610122蓝田县
蓝田县前卫镇吴村庙完全小学,610122蓝田县
蓝田县前卫镇康庄完全小学,610122蓝田县
蓝田县前卫镇东联完全小学,610122蓝田县
蓝田县前卫镇谢湾完全小学,610122蓝田县
蓝田县前卫镇凫峪完全小学,610122蓝田县
蓝田县汤峪镇中心学校,610122蓝田县
蓝田县汤峪镇洪家寨小学,610122蓝田县
蓝田县汤峪镇马塬小学,610122蓝田县
蓝田县汤峪镇石门小学,610122蓝田县
蓝田县汤峪镇汤二小学,610122蓝田县
蓝田县汤峪镇代寨小学,610122蓝田县
蓝田县汤峪镇塘子小学,610122蓝田县
蓝田县汤峪镇峙峪小学,610122蓝田县
蓝田县汤峪镇高堡小学,610122蓝田县
蓝田县汤峪镇尖角小学,610122蓝田县
蓝田县汤峪镇张坡小学,610122蓝田县
蓝田县汤峪镇东升完全小学,610122蓝田县
蓝田县汤峪镇小寺完全小学,610122蓝田县
蓝田县汤峪镇侯家村完全小学,610122蓝田县
蓝田县汤峪镇肖家坡完全小学,610122蓝田县
蓝田县汤峪镇孙家坡完全小学,610122蓝田县
蓝田县汤峪镇东山完全小学,610122蓝田县
蓝田县汤峪镇敬家村初小,610122蓝田县
蓝田县汤峪镇史家寨完全小学,610122蓝田县
蓝田县焦岱镇中心学校,610122蓝田县
蓝田县焦岱镇东光小学,610122蓝田县
蓝田县焦岱镇吴家寨小学,610122蓝田县
蓝田县焦岱镇张家村小学,610122蓝田县
蓝田县焦岱镇侯家扁小学,610122蓝田县
蓝田县焦岱镇梁家扁小学,610122蓝田县
蓝田县焦岱镇柳家湾小学,610122蓝田县
蓝田县焦岱镇陈家沟小学,610122蓝田县
蓝田县焦岱镇樊家坡小学,610122蓝田县
蓝田县焦岱镇荣家沟小学,610122蓝田县
蓝田县焦岱镇佘家湾小学,610122蓝田县
蓝田县玉山镇闫河小学,610122蓝田县
蓝田县玉山镇中心学校,610122蓝田县
蓝田县玉山镇前程小学,610122蓝田县
蓝田县玉山镇腰祝小学,610122蓝田县
蓝田县玉山镇山王小学,610122蓝田县
蓝田县玉山镇刘寨小学,610122蓝田县
蓝田县玉山镇上陈小学,610122蓝田县
蓝田县三里镇中心学校,610122蓝田县
蓝田县三里镇李后小学,610122蓝田县
蓝田县工业园区小学,610122蓝田县
蓝田县三里镇五里头小学,610122蓝田县
蓝田县三里镇马河小学,610122蓝田县
蓝田县三里镇魏家沟小学,610122蓝田县
蓝田县三里镇桥村小学,610122蓝田县
蓝田县三里镇陶沟小学,610122蓝田县
蓝田县三里镇樊沟小学,610122蓝田县
蓝田县三里镇席家河小学,610122蓝田县
蓝田县三里镇杨村小学,610122蓝田县
蓝田县三里镇王坡小学,610122蓝田县
蓝田县三里镇柴寨小学,610122蓝田县
蓝田县三里镇南王小学,610122蓝田县
蓝田县三里镇罗李村小学,610122蓝田县
蓝田县三里镇龙泉小学,610122蓝田县
蓝田县三里镇新庄小学,610122蓝田县
蓝田县三里镇柳家村小学,610122蓝田县
蓝田县三里镇刘独庄小学,610122蓝田县
蓝田县三里镇苏王坡小学,610122蓝田县
蓝田县三里镇秦家寨小学,610122蓝田县
蓝田县三里镇磨李小学,610122蓝田县
蓝田县普化镇中心学校,610122蓝田县
蓝田县普化镇马楼小学,610122蓝田县
蓝田县普化镇栗家村小学,610122蓝田县
蓝田县普化镇当院小学,610122蓝田县
蓝田县普化镇邵家寨小学,610122蓝田县
蓝田县普化镇张坪小学,610122蓝田县
蓝田县普化镇徐军寨小学,610122蓝田县
蓝田县普化镇全岭小学,610122蓝田县
蓝田县普化镇石韦小学,610122蓝田县
蓝田县普化镇石头滩小学,610122蓝田县
蓝田县普化镇楸树庙小学,610122蓝田县
蓝田县普化镇终南小学,610122蓝田县
蓝田县普化镇陈家滩小学,610122蓝田县
蓝田县普化镇河湾口小学,610122蓝田县
蓝田县普化镇杨斜小学,610122蓝田县
蓝田县普化镇宝兴寺小学,610122蓝田县
蓝田县普化镇西李家沟村小学,610122蓝田县
蓝田县普化镇贺凹村小学,610122蓝田县
蓝田县普化镇陈家坡小学,610122蓝田县
蓝田县普化镇下杨寨村小学,610122蓝田县
蓝田县普化镇韩河小学,610122蓝田县
蓝田县普化镇周董村小学,610122蓝田县
蓝田县普化镇罗圈小学,610122蓝田县
蓝田县普化镇訾家山小学,610122蓝田县
蓝田县普化镇民李小学,610122蓝田县
蓝田县葛牌镇中心学校校本部,610122蓝田县
蓝田县葛牌镇阳坡小学,610122蓝田县
蓝田县葛牌镇滹沱村小学,610122蓝田县
蓝田县葛牌镇夏家村小学,610122蓝田县
蓝田县葛牌镇草坪街小学,610122蓝田县
蓝田县葛牌镇雷家小学,610122蓝田县
蓝田县灞源镇中心学校,610122蓝田县
蓝田县灞源镇麻村小学,610122蓝田县
蓝田县灞源镇西寨完全小学,610122蓝田县
蓝田县灞源镇林青小学,610122蓝田县
蓝田县九间房镇中心学校,610122蓝田县
蓝田县九间房镇张坪小学,610122蓝田县
蓝田县蓝桥镇中心学校,610122蓝田县
蓝田县蓝桥镇安子沟小学,610122蓝田县
蓝田县蓝桥镇新店子小学,610122蓝田县
蓝田县蓝桥镇扇车沟小学,610122蓝田县
蓝田县蓝桥镇北沟小学,610122蓝田县
蓝田县蓝桥镇鸭峪小学,610122蓝田县
蓝田县蓝桥镇庞家村小学,610122蓝田县
蓝田县蓝桥镇圪塔庙小学,610122蓝田县
蓝田县蓝桥镇柳坪小学,610122蓝田县
蓝田县蓝桥镇狮峰小学,610122蓝田县
蓝田县蓝桥镇野竹坪小学,610122蓝田县
蓝田县辋川镇甘坪小学,610122蓝田县
蓝田县辋川镇南北沟小学,610122蓝田县
蓝田县辋川镇渗金庙小学,610122蓝田县
蓝田县辋川镇红门寺小学,610122蓝田县
蓝田县辋川镇中心学校,610122蓝田县
蓝田县辋川镇西杆庙小学,610122蓝田县
蓝田县厚镇中心学校,610122蓝田县
蓝田县厚镇梁锋小学,610122蓝田县
蓝田县三官庙镇金山小学,610122蓝田县
蓝田县三官庙镇惜惶岭小学,610122蓝田县
蓝田县三官庙镇龙曲小学,610122蓝田县
蓝田县三官庙镇中心学校,610122蓝田县
蓝田县三官庙镇高坪小学,610122蓝田县
蓝田县安村镇中心学校,610122蓝田县
蓝田县安村镇下白村小学,610122蓝田县
蓝田县安村镇吴庄小学,610122蓝田县
蓝田县安村镇腰刀小学,610122蓝田县
蓝田县安村镇田坡小学,610122蓝田县
蓝田县安村镇安村小学,610122蓝田县
蓝田县安村镇宋咀村小学,610122蓝田县
蓝田县安村镇府庄小学,610122蓝田县
蓝田县安村镇支尚村小学,610122蓝田县
蓝田县安村镇龙村小学,610122蓝田县
蓝田县安村镇杨刘坡小学,610122蓝田县
蓝田县安村镇雁塔个协府君寨希望小学,610122蓝田县
蓝田县安村镇马沟小学,610122蓝田县
蓝田县安村镇新华小学,610122蓝田县
蓝田县孟村镇中心学校,610122蓝田县
蓝田县孟村镇袁丽萍小学,610122蓝田县
蓝田县孟村镇李华小学,610122蓝田县
蓝田县孟村镇康禾小学,610122蓝田县
蓝田县孟村镇东香村小学,610122蓝田县
蓝田县孟村镇胡家小学,610122蓝田县
蓝田县小寨镇西坡小学,610122蓝田县
蓝田县小寨镇小寨小学,610122蓝田县
蓝田县小寨镇中心学校,610122蓝田县
蓝田县小寨镇代家桥小学,610122蓝田县
蓝田县小寨镇余家沟小学,610122蓝田县
蓝田县小寨镇百神洞小学,610122蓝田县
蓝田县小寨镇下岱峪小学,610122蓝田县
蓝田县小寨镇牛心峪小学,610122蓝田县
周至县双成学校,610124周至县
周至县二曲镇东街小学,610124周至县
周至县二曲镇西街小学,610124周至县
周至县二曲镇八一小学,610124周至县
周至县二曲镇南关小学,610124周至县
周至县二曲镇渭中小学,610124周至县
周至县实验学校,610124周至县
周至县育英学校,610124周至县
周至县二曲镇边墙号小学,610124周至县
周至县哑柏镇中心小学,610124周至县
周至县哑柏镇仰天小学,610124周至县
周至县哑柏镇五联小学,610124周至县
周至县哑柏镇槐花小学,610124周至县
周至县哑柏镇上阳化小学,610124周至县
周至县哑柏镇裕盛小学,610124周至县
周至县哑柏镇联星小学,610124周至县
周至县哑柏镇昌西小学,610124周至县
周至县哑柏镇六屯小学,610124周至县
周至县哑柏镇景联小学,610124周至县
周至县哑柏镇新宇学校,610124周至县
周至县终南镇终南村小学,610124周至县
周至县终南镇双明小学,610124周至县
周至县终南镇东大坚小学,610124周至县
周至县终南镇大庄寨小学,610124周至县
周至县终南镇三联小学,610124周至县
周至县终南镇勒马小学,610124周至县
周至县终南镇老堡子村小学,610124周至县
周至县终南镇新村小学,610124周至县
周至县终南镇解村小学,610124周至县
周至县终南镇豆村小学,610124周至县
周至县终南镇竹园头小学,610124周至县
周至县终南镇马庞寨小学,610124周至县
周至县终南镇王才屯小学,610124周至县
周至县终南镇信民学校,610124周至县
周至县马召镇红崖头小学,610124周至县
周至县马召镇金盆小学,610124周至县
周至县马召镇枣林村小学,610124周至县
周至县马召镇虎峪小学,610124周至县
周至县马召镇群联小学,610124周至县
周至县马召镇富饶小学,610124周至县
周至县马召镇纪联小学,610124周至县
周至县马召镇四府营小学,610124周至县
周至县马召镇焦家楼小学,610124周至县
周至县马召镇知行小学,610124周至县
周至县集贤镇马滩小学,610124周至县
周至县集贤镇中心小学,610124周至县
周至县集贤镇大曲小学,610124周至县
周至县集贤镇金凤小学,610124周至县
周至县集贤镇殿镇小学,610124周至县
周至县集贤镇赵代小学,610124周至县
周至县集贤镇六曲小学,610124周至县
周至县集贤镇永新希望小学,610124周至县
周至县楼观镇焦镇小学,610124周至县
周至县楼观镇八一小学,610124周至县
周至县楼观镇团标小学,610124周至县
周至县楼观镇大玉小学,610124周至县
周至县楼观镇鹿马小学,610124周至县
周至县楼观镇永合小学,610124周至县
周至县楼观镇界尚小学,610124周至县
周至县楼观镇省村小学,610124周至县
周至县楼观镇送军小学,610124周至县
周至县楼观镇上三清小学,610124周至县
周至县楼观镇东楼小学,610124周至县
周至县尚村镇铸才学校,610124周至县
周至县尚村镇梁家小学,610124周至县
周至县尚村镇中心小学,610124周至县
周至县尚村镇西岩村小学,610124周至县
周至县尚村镇圪塔头小学,610124周至县
周至县尚村镇龚家庄小学,610124周至县
周至县尚村镇张屯小学,610124周至县
周至县尚村镇临桥505小学,610124周至县
周至县尚村镇神灵寺小学,610124周至县
周至县尚村镇王屯小学,610124周至县
周至县尚村镇马村小学,610124周至县
周至县尚村镇涧里小学,610124周至县
周至县尚村镇临川寺小学,610124周至县
周至县尚村镇新范小学,610124周至县
周至县尚村镇钟徐小学,610124周至县
周至县尚村镇张寨小学,610124周至县
周至县广济镇中心小学,610124周至县
周至县广济镇协里小学,610124周至县
周至县广济镇北留小学,610124周至县
周至县广济镇南留小学,610124周至县
周至县广济镇桑园小学,610124周至县
周至县广济镇南大坪小学,610124周至县
周至县广济镇团结小学,610124周至县
周至县广济镇永红小学,610124周至县
周至县青化镇二庙小学,610124周至县
周至县青化镇中心小学,610124周至县
周至县青化镇半个城小学,610124周至县
周至县青化镇杏元小学,610124周至县
周至县青化镇滹沱小学,610124周至县
周至县青化镇聂村小学,610124周至县
周至县青化镇兴隆小学,610124周至县
周至县青化镇联庄小学,610124周至县
周至县青化镇联集小学,610124周至县
周至县青化镇新白寨小学,610124周至县
周至县竹峪镇岭梅小学,610124周至县
周至县竹峪镇丹阳小学,610124周至县
周至县竹峪镇西裕小学,610124周至县
周至县竹峪镇兰梅塬小学,610124周至县
周至县竹峪镇五星小学,610124周至县
周至县竹峪镇育芳爱心小学,610124周至县
周至县竹峪镇东寨小学,610124周至县
周至县翠峰镇官村小学,610124周至县
周至县翠峰镇农林小学,610124周至县
周至县翠峰镇东红小学,610124周至县
周至县翠峰镇史务小学,610124周至县
周至县翠峰镇清河小学,610124周至县
周至县翠峰镇陈家村小学,610124周至县
周至县四屯镇苏村小学,610124周至县
周至县四屯镇东阳化小学,610124周至县
周至县四屯镇中心小学,610124周至县
周至县四屯镇新亚小学,610124周至县
周至县四屯镇联三小学,610124周至县
周至县侯家村镇渭滨小学,610124周至县
周至县侯家村镇中心小学,610124周至县
周至县侯家村镇东风小学,610124周至县
周至县侯家村镇中旺小学,610124周至县
周至县侯家村镇下侯小学,610124周至县
周至县侯家村镇清河小学,610124周至县
周至县辛家寨镇恒州小学,610124周至县
周至县辛家寨镇大寨子小学,610124周至县
周至县辛家寨镇三高小学,610124周至县
周至县辛家寨镇中心小学,610124周至县
周至县辛家寨镇五合小学,610124周至县
周至县辛家寨镇高庙小学,610124周至县
周至县司竹镇中心小学,610124周至县
周至县司竹镇王唐小学,610124周至县
周至县司竹镇油坊小学,610124周至县
周至县司竹镇南淇小学,610124周至县
周至县司竹镇北淇小学,610124周至县
周至县司竹镇阿岔小学,610124周至县
周至县司竹镇马坊小学,610124周至县
周至县九峰镇中心小学,610124周至县
周至县九峰镇千户小学,610124周至县
周至县九峰镇永丰小学,610124周至县
周至县九峰镇虎峰小学,610124周至县
周至县九峰镇耿西小学,610124周至县
周至县九峰镇薛堡小学,610124周至县
周至县九峰镇沙云小学,610124周至县
周至县九峰镇二联小学,610124周至县
周至县九峰镇起良小学,610124周至县
周至县富仁镇永流小学,610124周至县
周至县富仁镇渭兴小学,610124周至县
周至县富仁镇渭丰小学,610124周至县
周至县富仁镇建兴小学,610124周至县
周至县富仁镇新农小学,610124周至县
周至县富仁镇富仁小学,610124周至县
户县东关小学,610125户县
户县人民路小学,610125户县
户县玉立实验小学,610125户县
户县甘亭镇中心学校,610125户县
户县西街小学,610125户县
户县北街小学,610125户县
户县吕公小学,610125户县
户县西坡小学,610125户县
户县河头小学,610125户县
户县两营小学,610125户县
户县户电路小学,610125户县
户县光明小学,610125户县
户县郭村小学,610125户县
户县崔村小学,610125户县
户县青羊寨小学,610125户县
户县军民小学,610125户县
户县南羊小学,610125户县
西安滨河荣华实验小学,610125户县
西安惠安小学,610125户县
户县电厂小学,610125户县
户县余下镇中心学校,610125户县
户县西屯小学,610125户县
户县东屯小学,610125户县
户县山阴小学,610125户县
户县罗什小学,610125户县
户县祖庵镇中心学校,610125户县
户县元马店小学,610125户县
户县北寺小学,610125户县
户县郝村小学,610125户县
户县响桥小学,610125户县
户县秦渡镇中心学校,610125户县
户县庞寺小学,610125户县
户县父慈小学,610125户县
户县白羊寨小学,610125户县
户县乔家庄小学,610125户县
户县牛东小学,610125户县
户县五桥小学,610125户县
户县花园小学,610125户县
户县正庄小学,610125户县
户县谷子磑小学,610125户县
户县千王小学,610125户县
户县秦英小学,610125户县
户县阳光小学,610125户县
户县宏桥小学,610125户县
户县大王镇中心学校,610125户县
户县王守村小学,610125户县
户县兆伦村小学,610125户县
户县康王村小学,610125户县
户县大王东小学,610125户县
户县北宋村小学,610125户县
户县卓日村小学,610125户县
户县爱华小学,610125户县
户县草堂镇中心学校,610125户县
户县大良村小学,610125户县
户县二府小学,610125户县
户县草堂营小学,610125户县
户县草下小学,610125户县
户县蒋村镇中心学校,610125户县
户县白龙小学,610125户县
户县洪庵小学,610125户县
户县韩村小学,610125户县
户县白庙小学,610125户县
户县曹村小学,610125户县
户县东六村小学,610125户县
户县郝寨小学,610125户县
户县甘峪口小学,610125户县
户县青阳小学,610125户县
户县黄柏小学,610125户县
户县庞光镇中心学校,610125户县
户县新寨小学,610125户县
户县化羊小学,610125户县
户县焦将小学,610125户县
户县炉丹村小学,610125户县
户县孙姑村小学,610125户县
户县涝店镇中心学校,610125户县
户县张家小学,610125户县
户县西保安小学,610125户县
户县余姚小学,610125户县
户县史家庄小学,610125户县
户县甘河镇中心学校,610125户县
户县西宋村小学,610125户县
户县元驾小学,610125户县
户县运渠店小学,610125户县
户县围棋寨小学,610125户县
户县玉河小学,610125户县
户县石井镇中心学校,610125户县
户县柿园小学,610125户县
户县三泉小学,610125户县
户县蔡家坡小学,610125户县
户县玉蝉乡中心学校,610125户县
户县新兴小学,610125户县
户县陂头小学,610125户县
户县联东小学,610125户县
户县北斑小学,610125户县
户县五竹镇中心学校,610125户县
户县周贵坊小学,610125户县
户县青羊务小学,610125户县
户县兆丰桥小学,610125户县
户县苍游乡中心学校,610125户县
户县野口村小学,610125户县
户县郿坞小学,610125户县
户县什王小学,610125户县
户县显落村小学,610125户县
户县赵王镇小学,610125户县
户县莫寺坡小学,610125户县
户县渭丰乡中心学校,610125户县
户县坳河小学,610125户县
户县善慧小学,610125户县
户县元村小学,610125户县
户县真守村小学,610125户县
户县天桥镇中心学校,610125户县
户县红星小学,610125户县
户县割耳庄小学,610125户县
户县水磨头小学,610125户县
户县丈八寺小学,610125户县
高陵县高家小学,610126高陵县
高陵县城关小学,610126高陵县
高陵县鹿苑镇北樊小学,610126高陵县
高陵县鹿苑镇草王小学,610126高陵县
高陵县鹿苑镇马家小学,610126高陵县
高陵县鹿苑镇银王中心小学,610126高陵县
高陵县鹿苑镇麦张小学,610126高陵县
高陵县鹿苑镇东升小学,610126高陵县
高陵县鹿苑镇江流小学,610126高陵县
高陵县鹿苑镇药惠中心小学,610126高陵县
高陵县鹿苑镇草市小学,610126高陵县
高陵县鹿苑镇北街小学,610126高陵县
高陵县鹿苑镇张家中心小学,610126高陵县
高陵县鹿苑镇田家小学,610126高陵县
高陵县鹿苑镇古城小学,610126高陵县
高陵县鹿苑镇何家小学,610126高陵县
高陵县泾渭镇店子王小学,610126高陵县
西安高新泾河小学,610126高陵县
高陵县泾渭镇梁村塬小学,610126高陵县
高陵县泾渭镇陈家滩小学,610126高陵县
高陵县泾渭镇西营中心小学,610126高陵县
高陵县泾渭镇肖家小学,610126高陵县
高陵县泾渭镇罗家小学,610126高陵县
高陵县泾渭镇朝李小学,610126高陵县
高陵县泾渭镇邓家塬小学,610126高陵县
高陵县泾渭镇姬家中心小学,610126高陵县
高陵县泾渭镇姜李小学,610126高陵县
高陵县泾渭镇高刘小学,610126高陵县
高陵县泾渭镇杨官寨小学,610126高陵县
高陵县泾渭镇雷家小学,610126高陵县
西安国定双语学校,610126高陵县
高陵县崇皇乡井王小学,610126高陵县
高陵县崇皇乡窑子头小学,610126高陵县
高陵县崇皇乡徐吾村小学,610126高陵县
高陵县崇皇乡船张小学,610126高陵县
高陵县崇皇乡高墙小学,610126高陵县
高陵县崇皇乡桑家中心小学,610126高陵县
高陵县崇皇乡绳刘小学,610126高陵县
高陵县通远镇官路小学,610126高陵县
高陵县通远镇车张小学,610126高陵县
高陵县通远镇火箭小学,610126高陵县
高陵县通远镇灰堆坡小学,610126高陵县
高陵县通远镇仁村小学,610126高陵县
高陵县通远镇中心小学,610126高陵县
西安高陵博达小学,610126高陵县
高陵县耿镇中心小学,610126高陵县
高陵县耿镇虎家小学,610126高陵县
高陵县耿镇周家小学,610126高陵县
高陵县耿镇耿北小学,610126高陵县
高陵县耿镇王家滩小学,610126高陵县
高陵县耿镇苏家小学,610126高陵县
高陵县榆楚乡安家中心小学,610126高陵县
高陵县榆楚乡钓北小学,610126高陵县
高陵县榆楚乡丹尼尔马北希望小学,610126高陵县
高陵县湾子乡湾子中心小学,610126高陵县
高陵县湾子乡大夫雷小学,610126高陵县
高陵县湾子乡西张市小学,610126高陵县
高陵县湾子乡北孙小学,610126高陵县
高陵县湾子乡东张市小学,610126高陵县
高陵县湾子乡岳华小学,610126高陵县
高陵县湾子乡关市小学,610126高陵县
高陵县湾子乡生王小学,610126高陵县
高陵县张卜乡张卜小学,610126高陵县
高陵县张卜乡庙西小学,610126高陵县
高陵县张卜乡新建小学,610126高陵县
高陵县塬后杏林希望小学,610126高陵县
高陵县张卜南郭中心小学,610126高陵县
高陵县张卜乡贾家小学,610126高陵县
高陵县张卜乡原邓小学,610126高陵县
高陵县张卜乡曹家小学,610126高陵县
沣东新城德立小学,6101A1沣东新城代管
沣东新城红星小学,6101A1沣东新城代管
沣东第三小学,6101A1沣东新城代管
沣东第二小学,6101A1沣东新城代管
西安市未央区车辆小学,6101A1沣东新城代管
西安市未央区阿房路二校,6101A1沣东新城代管
西安市未央区阿房路一校,6101A1沣东新城代管
西安市未央区阿房路三校,6101A1沣东新城代管
中国人民武装警察部队工程大学附属子女学校,6101A1沣东新城代管
西安市未央区西坡小学,6101A1沣东新城代管
西安市未央区泥河小学,6101A1沣东新城代管
西安市未央区柏梁小学,6101A1沣东新城代管
西安市未央区焦家村小学,6101A1沣东新城代管
西安市未央区关庙小学,6101A1沣东新城代管
西安市未央区三桥街小学,6101A1沣东新城代管
西安市未央区双围墙小学,6101A1沣东新城代管
西安市未央区北何村小学,6101A1沣东新城代管
西安市未央区后围寨小学,6101A1沣东新城代管
西安市未央区五一小学,6101A1沣东新城代管
西安市未央区和平村小学,6101A1沣东新城代管
西安市未央区闫十小学,6101A1沣东新城代管
西安市未央区阿房宫小学,6101A1沣东新城代管
西安市未央区车张小学,6101A1沣东新城代管
西安市长安区高桥乡中心学校,6101A1沣东新城代管
西安市长安区高桥乡严家渠小学,6101A1沣东新城代管
西安市长安区高桥乡五席坊小学,6101A1沣东新城代管
西安市长安区高桥乡西马坊小学,6101A1沣东新城代管
西安市长安区高桥乡屯铺小学,6101A1沣东新城代管
西安市长安区高桥乡江渡小学,6101A1沣东新城代管
西安市长安区高桥乡马务小学,6101A1沣东新城代管
西安市长安区高桥乡韩家庄小学,6101A1沣东新城代管
西安市长安区王寺街道中心学校,6101A1沣东新城代管
西安市长安区王寺街道办事处冯党小学,6101A1沣东新城代管
西安市长安区王寺街道办事处五一小学,6101A1沣东新城代管
西安市长安区王寺街道办事处黄堆潭小学,6101A1沣东新城代管
西安市长安区王寺街道办事处古城初小,6101A1沣东新城代管
西安市长安区斗门街道中心学校,6101A1沣东新城代管
西安市长安区斗门街道办事处镐京小学,6101A1沣东新城代管
西安市长安区斗门街道办事处先锋小学,6101A1沣东新城代管
西安咸阳国际机场张村希望小学,6101A1沣东新城代管
西安市长安区斗门街道办事处牛角小学,6101A1沣东新城代管
西安市长安区斗门街道办事处落水小学,6101A1沣东新城代管
西安市长安区斗门街道办事处八一小学,6101A1沣东新城代管
西安市长安区斗门街道办事处张旺渠小学,6101A1沣东新城代管
西安市长安区斗门街道办事处新常小学,6101A1沣东新城代管
西安市长安区斗门街道办事处太平小学,6101A1沣东新城代管
西安市长安区斗门街道办事处五星小学,6101A1沣东新城代管
